{"cameraMode":{"drawMode":0,"name":"Shaded","section":"Shading Mode"},"sceneLighting":true,"audioPlay":false,"sceneViewState":{"m_AlwaysRefresh":false,"showFog":true,"showSkybox":true,"showFlares":true,"showImageEffects":true,"showParticleSystems":true,"showVisualEffectGraphs":true,"m_FxEnabled":true},"in2DMode":false,"pivot":{"x":58.68158721923828,"y":10.293902397155762,"z":13.022467613220215},"rotation":{"x":0.3447451889514923,"y":-0.05065471678972244,"z":0.018636256456375123,"w":0.9371492862701416},"size":37.31727981567383,"orthographic":false}