{"cameraMode":{"drawMode":0,"name":"Shaded","section":"Shading Mode"},"sceneLighting":true,"audioPlay":false,"sceneViewState":{"m_AlwaysRefresh":false,"showFog":true,"showSkybox":true,"showFlares":true,"showImageEffects":true,"showParticleSystems":true,"showVisualEffectGraphs":true,"m_FxEnabled":true},"in2DMode":false,"pivot":{"x":-1.2623353004455567,"y":0.6375638246536255,"z":-1.2728679180145264},"rotation":{"x":0.4313708245754242,"y":0.036521028727293017,"z":-0.01748468540608883,"w":0.9012789726257324},"size":7.468938827514648,"orthographic":false}